/*
 Navicat Premium Data Transfer

 Source Server         : localhost
 Source Server Type    : MariaDB
 Source Server Version : 100505
 Source Host           : localhost:3306
 Source Schema         : laravel

 Target Server Type    : MariaDB
 Target Server Version : 100505
 File Encoding         : 65001

 Date: 26/03/2024 15:00:27
*/

SET NAMES utf8mb4;
SET FOREIGN_KEY_CHECKS = 0;

-- ----------------------------
-- Table structure for cache
-- ----------------------------
DROP TABLE IF EXISTS `cache`;
CREATE TABLE `cache`  (
  `key` varchar(255) CHARACTER SET utf8mb4 COLLATE utf8mb4_unicode_ci NOT NULL,
  `value` mediumtext CHARACTER SET utf8mb4 COLLATE utf8mb4_unicode_ci NOT NULL,
  `expiration` int(11) NOT NULL,
  PRIMARY KEY (`key`) USING BTREE
) ENGINE = InnoDB CHARACTER SET = utf8mb4 COLLATE = utf8mb4_unicode_ci ROW_FORMAT = Dynamic;

-- ----------------------------
-- Records of cache
-- ----------------------------

-- ----------------------------
-- Table structure for cache_locks
-- ----------------------------
DROP TABLE IF EXISTS `cache_locks`;
CREATE TABLE `cache_locks`  (
  `key` varchar(255) CHARACTER SET utf8mb4 COLLATE utf8mb4_unicode_ci NOT NULL,
  `owner` varchar(255) CHARACTER SET utf8mb4 COLLATE utf8mb4_unicode_ci NOT NULL,
  `expiration` int(11) NOT NULL,
  PRIMARY KEY (`key`) USING BTREE
) ENGINE = InnoDB CHARACTER SET = utf8mb4 COLLATE = utf8mb4_unicode_ci ROW_FORMAT = Dynamic;

-- ----------------------------
-- Records of cache_locks
-- ----------------------------

-- ----------------------------
-- Table structure for failed_jobs
-- ----------------------------
DROP TABLE IF EXISTS `failed_jobs`;
CREATE TABLE `failed_jobs`  (
  `id` bigint(20) UNSIGNED NOT NULL AUTO_INCREMENT,
  `uuid` varchar(255) CHARACTER SET utf8mb4 COLLATE utf8mb4_unicode_ci NOT NULL,
  `connection` text CHARACTER SET utf8mb4 COLLATE utf8mb4_unicode_ci NOT NULL,
  `queue` text CHARACTER SET utf8mb4 COLLATE utf8mb4_unicode_ci NOT NULL,
  `payload` longtext CHARACTER SET utf8mb4 COLLATE utf8mb4_unicode_ci NOT NULL,
  `exception` longtext CHARACTER SET utf8mb4 COLLATE utf8mb4_unicode_ci NOT NULL,
  `failed_at` timestamp NOT NULL DEFAULT current_timestamp(),
  PRIMARY KEY (`id`) USING BTREE,
  UNIQUE INDEX `failed_jobs_uuid_unique`(`uuid`) USING BTREE
) ENGINE = InnoDB AUTO_INCREMENT = 1 CHARACTER SET = utf8mb4 COLLATE = utf8mb4_unicode_ci ROW_FORMAT = Dynamic;

-- ----------------------------
-- Records of failed_jobs
-- ----------------------------

-- ----------------------------
-- Table structure for job_batches
-- ----------------------------
DROP TABLE IF EXISTS `job_batches`;
CREATE TABLE `job_batches`  (
  `id` varchar(255) CHARACTER SET utf8mb4 COLLATE utf8mb4_unicode_ci NOT NULL,
  `name` varchar(255) CHARACTER SET utf8mb4 COLLATE utf8mb4_unicode_ci NOT NULL,
  `total_jobs` int(11) NOT NULL,
  `pending_jobs` int(11) NOT NULL,
  `failed_jobs` int(11) NOT NULL,
  `failed_job_ids` longtext CHARACTER SET utf8mb4 COLLATE utf8mb4_unicode_ci NOT NULL,
  `options` mediumtext CHARACTER SET utf8mb4 COLLATE utf8mb4_unicode_ci NULL DEFAULT NULL,
  `cancelled_at` int(11) NULL DEFAULT NULL,
  `created_at` int(11) NOT NULL,
  `finished_at` int(11) NULL DEFAULT NULL,
  PRIMARY KEY (`id`) USING BTREE
) ENGINE = InnoDB CHARACTER SET = utf8mb4 COLLATE = utf8mb4_unicode_ci ROW_FORMAT = Dynamic;

-- ----------------------------
-- Records of job_batches
-- ----------------------------

-- ----------------------------
-- Table structure for jobs
-- ----------------------------
DROP TABLE IF EXISTS `jobs`;
CREATE TABLE `jobs`  (
  `id` bigint(20) UNSIGNED NOT NULL AUTO_INCREMENT,
  `queue` varchar(255) CHARACTER SET utf8mb4 COLLATE utf8mb4_unicode_ci NOT NULL,
  `payload` longtext CHARACTER SET utf8mb4 COLLATE utf8mb4_unicode_ci NOT NULL,
  `attempts` tinyint(3) UNSIGNED NOT NULL,
  `reserved_at` int(10) UNSIGNED NULL DEFAULT NULL,
  `available_at` int(10) UNSIGNED NOT NULL,
  `created_at` int(10) UNSIGNED NOT NULL,
  PRIMARY KEY (`id`) USING BTREE,
  INDEX `jobs_queue_index`(`queue`) USING BTREE
) ENGINE = InnoDB AUTO_INCREMENT = 1 CHARACTER SET = utf8mb4 COLLATE = utf8mb4_unicode_ci ROW_FORMAT = Dynamic;

-- ----------------------------
-- Records of jobs
-- ----------------------------

-- ----------------------------
-- Table structure for migrations
-- ----------------------------
DROP TABLE IF EXISTS `migrations`;
CREATE TABLE `migrations`  (
  `id` int(10) UNSIGNED NOT NULL AUTO_INCREMENT,
  `migration` varchar(255) CHARACTER SET utf8mb4 COLLATE utf8mb4_unicode_ci NOT NULL,
  `batch` int(11) NOT NULL,
  PRIMARY KEY (`id`) USING BTREE
) ENGINE = InnoDB AUTO_INCREMENT = 6 CHARACTER SET = utf8mb4 COLLATE = utf8mb4_unicode_ci ROW_FORMAT = Dynamic;

-- ----------------------------
-- Records of migrations
-- ----------------------------
INSERT INTO `migrations` VALUES (1, '0001_01_01_000000_create_users_table', 1);
INSERT INTO `migrations` VALUES (2, '0001_01_01_000001_create_cache_table', 1);
INSERT INTO `migrations` VALUES (3, '0001_01_01_000002_create_jobs_table', 1);
INSERT INTO `migrations` VALUES (4, '2024_03_25_062949_create_personal_access_tokens_table', 2);
INSERT INTO `migrations` VALUES (5, '2024_03_26_091732_laratrust_setup_tables', 3);

-- ----------------------------
-- Table structure for password_reset_tokens
-- ----------------------------
DROP TABLE IF EXISTS `password_reset_tokens`;
CREATE TABLE `password_reset_tokens`  (
  `email` varchar(255) CHARACTER SET utf8mb4 COLLATE utf8mb4_unicode_ci NOT NULL,
  `token` varchar(255) CHARACTER SET utf8mb4 COLLATE utf8mb4_unicode_ci NOT NULL,
  `created_at` timestamp NULL DEFAULT NULL,
  PRIMARY KEY (`email`) USING BTREE
) ENGINE = InnoDB CHARACTER SET = utf8mb4 COLLATE = utf8mb4_unicode_ci ROW_FORMAT = Dynamic;

-- ----------------------------
-- Records of password_reset_tokens
-- ----------------------------

-- ----------------------------
-- Table structure for permission_role
-- ----------------------------
DROP TABLE IF EXISTS `permission_role`;
CREATE TABLE `permission_role`  (
  `permission_id` bigint(20) UNSIGNED NOT NULL,
  `role_id` bigint(20) UNSIGNED NOT NULL,
  PRIMARY KEY (`permission_id`, `role_id`) USING BTREE,
  INDEX `permission_role_role_id_foreign`(`role_id`) USING BTREE,
  CONSTRAINT `permission_role_permission_id_foreign` FOREIGN KEY (`permission_id`) REFERENCES `permissions` (`id`) ON DELETE CASCADE ON UPDATE CASCADE,
  CONSTRAINT `permission_role_role_id_foreign` FOREIGN KEY (`role_id`) REFERENCES `roles` (`id`) ON DELETE CASCADE ON UPDATE CASCADE
) ENGINE = InnoDB CHARACTER SET = utf8mb4 COLLATE = utf8mb4_unicode_ci ROW_FORMAT = Dynamic;

-- ----------------------------
-- Records of permission_role
-- ----------------------------
INSERT INTO `permission_role` VALUES (1, 1);
INSERT INTO `permission_role` VALUES (2, 1);
INSERT INTO `permission_role` VALUES (2, 2);

-- ----------------------------
-- Table structure for permission_user
-- ----------------------------
DROP TABLE IF EXISTS `permission_user`;
CREATE TABLE `permission_user`  (
  `permission_id` bigint(20) UNSIGNED NOT NULL,
  `user_id` bigint(20) UNSIGNED NOT NULL,
  `user_type` varchar(255) CHARACTER SET utf8mb4 COLLATE utf8mb4_unicode_ci NOT NULL,
  PRIMARY KEY (`user_id`, `permission_id`, `user_type`) USING BTREE,
  INDEX `permission_user_permission_id_foreign`(`permission_id`) USING BTREE,
  CONSTRAINT `permission_user_permission_id_foreign` FOREIGN KEY (`permission_id`) REFERENCES `permissions` (`id`) ON DELETE CASCADE ON UPDATE CASCADE
) ENGINE = InnoDB CHARACTER SET = utf8mb4 COLLATE = utf8mb4_unicode_ci ROW_FORMAT = Dynamic;

-- ----------------------------
-- Records of permission_user
-- ----------------------------

-- ----------------------------
-- Table structure for permissions
-- ----------------------------
DROP TABLE IF EXISTS `permissions`;
CREATE TABLE `permissions`  (
  `id` bigint(20) UNSIGNED NOT NULL AUTO_INCREMENT,
  `name` varchar(255) CHARACTER SET utf8mb4 COLLATE utf8mb4_unicode_ci NOT NULL,
  `display_name` varchar(255) CHARACTER SET utf8mb4 COLLATE utf8mb4_unicode_ci NULL DEFAULT NULL,
  `description` varchar(255) CHARACTER SET utf8mb4 COLLATE utf8mb4_unicode_ci NULL DEFAULT NULL,
  `created_at` timestamp NULL DEFAULT NULL,
  `updated_at` timestamp NULL DEFAULT NULL,
  PRIMARY KEY (`id`) USING BTREE,
  UNIQUE INDEX `permissions_name_unique`(`name`) USING BTREE
) ENGINE = InnoDB AUTO_INCREMENT = 3 CHARACTER SET = utf8mb4 COLLATE = utf8mb4_unicode_ci ROW_FORMAT = Dynamic;

-- ----------------------------
-- Records of permissions
-- ----------------------------
INSERT INTO `permissions` VALUES (1, 'admin', 'admin', NULL, NULL, NULL);
INSERT INTO `permissions` VALUES (2, 'client', 'client', NULL, NULL, NULL);

-- ----------------------------
-- Table structure for personal_access_tokens
-- ----------------------------
DROP TABLE IF EXISTS `personal_access_tokens`;
CREATE TABLE `personal_access_tokens`  (
  `id` bigint(20) UNSIGNED NOT NULL AUTO_INCREMENT,
  `tokenable_type` varchar(255) CHARACTER SET utf8mb4 COLLATE utf8mb4_unicode_ci NOT NULL,
  `tokenable_id` bigint(20) UNSIGNED NOT NULL,
  `name` varchar(255) CHARACTER SET utf8mb4 COLLATE utf8mb4_unicode_ci NOT NULL,
  `token` varchar(64) CHARACTER SET utf8mb4 COLLATE utf8mb4_unicode_ci NOT NULL,
  `abilities` text CHARACTER SET utf8mb4 COLLATE utf8mb4_unicode_ci NULL DEFAULT NULL,
  `last_used_at` timestamp NULL DEFAULT NULL,
  `expires_at` timestamp NULL DEFAULT NULL,
  `created_at` timestamp NULL DEFAULT NULL,
  `updated_at` timestamp NULL DEFAULT NULL,
  PRIMARY KEY (`id`) USING BTREE,
  UNIQUE INDEX `personal_access_tokens_token_unique`(`token`) USING BTREE,
  INDEX `personal_access_tokens_tokenable_type_tokenable_id_index`(`tokenable_type`, `tokenable_id`) USING BTREE
) ENGINE = InnoDB AUTO_INCREMENT = 6 CHARACTER SET = utf8mb4 COLLATE = utf8mb4_unicode_ci ROW_FORMAT = Dynamic;

-- ----------------------------
-- Records of personal_access_tokens
-- ----------------------------
INSERT INTO `personal_access_tokens` VALUES (1, 'App\\Models\\User', 1, 'faramarz.sadeghi89@gmail.com', '22de6801d03927d8b059fc5f2e5ffaff348a213f3fe0ff24c79b58cfeaae619b', '[\"*\"]', NULL, NULL, '2024-03-25 09:30:36', '2024-03-25 09:30:36');
INSERT INTO `personal_access_tokens` VALUES (2, 'App\\Models\\User', 1, 'faramarz.sadeghi89@gmail.com', '4be871e4c207742ebd695f41fc1278dc9bb40763aacf841791c9631a6de59897', '[\"*\"]', NULL, NULL, '2024-03-25 10:17:18', '2024-03-25 10:17:18');
INSERT INTO `personal_access_tokens` VALUES (3, 'App\\Models\\User', 1, 'faramarz.sadeghi89@gmail.com', 'ce22760e9646eeb8dae8f94e02c39c02fd902f57abfc3c684826d47171e0f979', '[\"*\"]', NULL, NULL, '2024-03-25 11:21:20', '2024-03-25 11:21:20');
INSERT INTO `personal_access_tokens` VALUES (4, 'App\\Models\\User', 1, 'faramarz.sadeghi89@gmail.com', '44a091bb0fdac380efe23e962a634f202cfc145a6dc5a922493c4211115d282c', '[\"*\"]', NULL, NULL, '2024-03-25 11:22:03', '2024-03-25 11:22:03');
INSERT INTO `personal_access_tokens` VALUES (5, 'App\\Models\\User', 2, 'sadeghi@gmail.com', '84e5d5cd5ec66621ead8372508a15fa610ebbc83ad9ceb7ce28949daea48deb1', '[\"*\"]', NULL, NULL, '2024-03-26 05:39:42', '2024-03-26 05:39:42');

-- ----------------------------
-- Table structure for role_user
-- ----------------------------
DROP TABLE IF EXISTS `role_user`;
CREATE TABLE `role_user`  (
  `role_id` bigint(20) UNSIGNED NOT NULL,
  `user_id` bigint(20) UNSIGNED NOT NULL,
  `user_type` varchar(255) CHARACTER SET utf8mb4 COLLATE utf8mb4_unicode_ci NOT NULL,
  PRIMARY KEY (`user_id`, `role_id`, `user_type`) USING BTREE,
  INDEX `role_user_role_id_foreign`(`role_id`) USING BTREE,
  CONSTRAINT `role_user_role_id_foreign` FOREIGN KEY (`role_id`) REFERENCES `roles` (`id`) ON DELETE CASCADE ON UPDATE CASCADE
) ENGINE = InnoDB CHARACTER SET = utf8mb4 COLLATE = utf8mb4_unicode_ci ROW_FORMAT = Dynamic;

-- ----------------------------
-- Records of role_user
-- ----------------------------
INSERT INTO `role_user` VALUES (1, 1, 'App\\Models\\User');
INSERT INTO `role_user` VALUES (2, 2, 'App\\Models\\User');

-- ----------------------------
-- Table structure for roles
-- ----------------------------
DROP TABLE IF EXISTS `roles`;
CREATE TABLE `roles`  (
  `id` bigint(20) UNSIGNED NOT NULL AUTO_INCREMENT,
  `name` varchar(255) CHARACTER SET utf8mb4 COLLATE utf8mb4_unicode_ci NOT NULL,
  `display_name` varchar(255) CHARACTER SET utf8mb4 COLLATE utf8mb4_unicode_ci NULL DEFAULT NULL,
  `description` varchar(255) CHARACTER SET utf8mb4 COLLATE utf8mb4_unicode_ci NULL DEFAULT NULL,
  `created_at` timestamp NULL DEFAULT NULL,
  `updated_at` timestamp NULL DEFAULT NULL,
  PRIMARY KEY (`id`) USING BTREE,
  UNIQUE INDEX `roles_name_unique`(`name`) USING BTREE
) ENGINE = InnoDB AUTO_INCREMENT = 3 CHARACTER SET = utf8mb4 COLLATE = utf8mb4_unicode_ci ROW_FORMAT = Dynamic;

-- ----------------------------
-- Records of roles
-- ----------------------------
INSERT INTO `roles` VALUES (1, 'admin', 'admin', NULL, NULL, NULL);
INSERT INTO `roles` VALUES (2, 'client', 'client', NULL, NULL, NULL);

-- ----------------------------
-- Table structure for sessions
-- ----------------------------
DROP TABLE IF EXISTS `sessions`;
CREATE TABLE `sessions`  (
  `id` varchar(255) CHARACTER SET utf8mb4 COLLATE utf8mb4_unicode_ci NOT NULL,
  `user_id` bigint(20) UNSIGNED NULL DEFAULT NULL,
  `ip_address` varchar(45) CHARACTER SET utf8mb4 COLLATE utf8mb4_unicode_ci NULL DEFAULT NULL,
  `user_agent` text CHARACTER SET utf8mb4 COLLATE utf8mb4_unicode_ci NULL DEFAULT NULL,
  `payload` longtext CHARACTER SET utf8mb4 COLLATE utf8mb4_unicode_ci NOT NULL,
  `last_activity` int(11) NOT NULL,
  PRIMARY KEY (`id`) USING BTREE,
  INDEX `sessions_user_id_index`(`user_id`) USING BTREE,
  INDEX `sessions_last_activity_index`(`last_activity`) USING BTREE
) ENGINE = InnoDB CHARACTER SET = utf8mb4 COLLATE = utf8mb4_unicode_ci ROW_FORMAT = Dynamic;

-- ----------------------------
-- Records of sessions
-- ----------------------------
INSERT INTO `sessions` VALUES ('qBvt4S8ssCwK5tBA95rolClX97626GSiIFNyTcYy', NULL, '127.0.0.1', 'Mozilla/5.0 (Windows NT 10.0; Win64; x64) AppleWebKit/537.36 (KHTML, like Gecko) Chrome/123.0.0.0 Safari/537.36', 'YTozOntzOjY6Il90b2tlbiI7czo0MDoiSEc0UUwyampaaW9Mb1VWdkRKREd3VGtVaUJ0eXJ6UzZrM1hMdWU5VyI7czo5OiJfcHJldmlvdXMiO2E6MTp7czozOiJ1cmwiO3M6MjE6Imh0dHA6Ly8xMjcuMC4wLjE6ODAwMCI7fXM6NjoiX2ZsYXNoIjthOjI6e3M6Mzoib2xkIjthOjA6e31zOjM6Im5ldyI7YTowOnt9fX0=', 1711350691);
INSERT INTO `sessions` VALUES ('UY2TftVqzwjf6lVWLMbjEDkIn3pJqh6rVnaDPbmD', NULL, '127.0.0.1', 'Mozilla/5.0 (Windows NT 10.0; Win64; x64) AppleWebKit/537.36 (KHTML, like Gecko) Chrome/122.0.0.0 Safari/537.36', 'YTozOntzOjY6Il90b2tlbiI7czo0MDoiSVVTcVZmMjhzOEdhQmRnYW9zY3FubGNKYjlRclJvbEtKOGtyUWlZZSI7czo5OiJfcHJldmlvdXMiO2E6MTp7czozOiJ1cmwiO3M6MjE6Imh0dHA6Ly8xMjcuMC4wLjE6ODAwMCI7fXM6NjoiX2ZsYXNoIjthOjI6e3M6Mzoib2xkIjthOjA6e31zOjM6Im5ldyI7YTowOnt9fX0=', 1711270799);

-- ----------------------------
-- Table structure for users
-- ----------------------------
DROP TABLE IF EXISTS `users`;
CREATE TABLE `users`  (
  `id` bigint(20) UNSIGNED NOT NULL AUTO_INCREMENT,
  `name` varchar(255) CHARACTER SET utf8mb4 COLLATE utf8mb4_unicode_ci NOT NULL,
  `email` varchar(255) CHARACTER SET utf8mb4 COLLATE utf8mb4_unicode_ci NOT NULL,
  `phone` varchar(255) CHARACTER SET utf8mb4 COLLATE utf8mb4_unicode_ci NULL DEFAULT NULL,
  `email_verified_at` timestamp NULL DEFAULT NULL,
  `password` varchar(255) CHARACTER SET utf8mb4 COLLATE utf8mb4_unicode_ci NOT NULL,
  `remember_token` varchar(100) CHARACTER SET utf8mb4 COLLATE utf8mb4_unicode_ci NULL DEFAULT NULL,
  `created_at` timestamp NULL DEFAULT NULL,
  `updated_at` timestamp NULL DEFAULT NULL,
  PRIMARY KEY (`id`) USING BTREE,
  UNIQUE INDEX `users_email_unique`(`email`) USING BTREE
) ENGINE = InnoDB AUTO_INCREMENT = 3 CHARACTER SET = utf8mb4 COLLATE = utf8mb4_unicode_ci ROW_FORMAT = Dynamic;

-- ----------------------------
-- Records of users
-- ----------------------------
INSERT INTO `users` VALUES (1, 'faramarz sadeghi', 'faramarz.sadeghi89@gmail.com', '09158515788', NULL, '$2y$12$RtRIgV9Q8qu7HeV50fJWPeXMAunm/B56j1.Scseu429Kuv0msoJ.W', NULL, '2024-03-25 11:22:03', '2024-03-25 11:22:03');
INSERT INTO `users` VALUES (2, 'reza sadeghi', 'sadeghi@gmail.com', '09212784589', NULL, '$2y$12$fNJO7BPNeZK.x6kPgdRz1.Bn0nAZwzmLRLytezMnHLCZUaYrZO54C', NULL, '2024-03-26 05:39:41', '2024-03-26 05:39:41');

SET FOREIGN_KEY_CHECKS = 1;
